timestamp,bpm,oxygen_saturation,temp_f,rr,steps,intensity,asleep
2030-01-01T10:00:00Z,68,0.970,98.0,14,0,0.03,false
2030-01-01T10:00:15Z,68,0.971,98.0,14,0,0.03,false
2030-01-01T10:00:30Z,68,0.972,98.0,14,0,0.03,false
2030-01-01T10:00:45Z,68,0.970,98.0,14,0,0.03,false
2030-01-01T10:01:00Z,68,0.971,98.0,14,0,0.03,false
2030-01-01T10:01:15Z,68,0.972,98.0,14,0,0.03,false
2030-01-01T10:01:30Z,68,0.970,98.0,14,0,0.03,false
2030-01-01T10:01:45Z,68,0.971,98.0,14,0,0.03,false
2030-01-01T10:02:00Z,68,0.972,98.0,14,0,0.03,false
2030-01-01T10:02:15Z,68,0.970,98.0,14,0,0.03,false
2030-01-01T10:02:30Z,87,0.971,98.6,30,38,0.75,false
2030-01-01T10:02:45Z,106,0.972,98.6,30,38,0.75,false
2030-01-01T10:03:00Z,124,0.970,98.6,30,38,0.75,false
2030-01-01T10:03:15Z,143,0.971,98.6,30,38,0.75,false
2030-01-01T10:03:30Z,143,0.972,98.6,30,38,0.75,false
2030-01-01T10:03:45Z,143,0.970,98.6,30,38,0.75,false
2030-01-01T10:04:00Z,143,0.971,98.6,30,38,0.75,false
2030-01-01T10:04:15Z,143,0.972,98.6,30,38,0.75,false
2030-01-01T10:04:30Z,143,0.970,98.6,30,38,0.75,false
2030-01-01T10:04:45Z,143,0.971,98.6,30,38,0.75,false
2030-01-01T10:05:00Z,143,0.972,98.6,30,38,0.75,false
2030-01-01T10:05:15Z,143,0.970,98.6,30,38,0.75,false
2030-01-01T10:05:30Z,143,0.971,98.6,30,38,0.75,false
2030-01-01T10:05:45Z,143,0.972,98.6,30,38,0.75,false
2030-01-01T10:06:00Z,143,0.970,98.6,30,38,0.75,false
2030-01-01T10:06:15Z,143,0.971,98.6,30,0,0.03,false
2030-01-01T10:06:30Z,126,0.972,98.6,25,0,0.03,false
2030-01-01T10:06:45Z,113,0.970,98.6,22,0,0.03,false
2030-01-01T10:07:00Z,103,0.971,98.6,20,0,0.03,false
2030-01-01T10:07:15Z,96,0.972,98.6,18,0,0.03,false
2030-01-01T10:07:30Z,89,0.970,98.0,17,0,0.03,false
2030-01-01T10:07:45Z,85,0.971,98.0,16,0,0.03,false
2030-01-01T10:08:00Z,81,0.972,98.0,16,0,0.03,false
2030-01-01T10:08:15Z,78,0.970,98.0,15,0,0.03,false
2030-01-01T10:08:30Z,76,0.971,98.0,15,0,0.03,false
2030-01-01T10:08:45Z,74,0.972,98.0,15,0,0.03,false
2030-01-01T10:09:00Z,73,0.970,98.0,14,0,0.03,false
2030-01-01T10:09:15Z,72,0.971,98.0,14,0,0.03,false
2030-01-01T10:09:30Z,71,0.972,98.0,14,0,0.03,false
2030-01-01T10:09:45Z,70,0.970,98.0,14,0,0.03,false
